,Mean Importance,Std
Noise_1,0.034019947,0.01612212
Noise_2,0.03590052,0.022591662
PF_n,0.5142044,0.073892035
S_n,0.35412416,0.10653246
m_n,0.06175098,0.016680911
